{
  "meta": {
    "source_job": "1775737734261",
    "generated_at": "2026-04-09T16:08:54.224Z",
    "total_samples": 2699,
    "skipped_no_dims": 396,
    "skipped_outlier_ratio": 23,
    "ratio_explanation": "ratio = M3_logistico_ERP / vol_producto_HTML. >1 = package bigger than product. <1 = ships disassembled/folded."
  },
  "by_subfamilia_l2": {
    "0": {
      "n": 34,
      "median": 1,
      "mean": 0.997,
      "std": 0.01,
      "p25": 0.999,
      "p75": 1,
      "min": 0.967,
      "max": 1.016,
      "confidence": 0.7
    },
    "00001.00052": {
      "n": 449,
      "median": 0.66,
      "mean": 0.656,
      "std": 0.752,
      "p25": 0.124,
      "p75": 1,
      "min": 0.019,
      "max": 12.698,
      "confidence": 0.6
    },
    "00001.00056": {
      "n": 573,
      "median": 0.285,
      "mean": 0.507,
      "std": 0.565,
      "p25": 0.119,
      "p75": 0.996,
      "min": 0.021,
      "max": 5.556,
      "confidence": 0.6
    },
    "00001.00053": {
      "n": 79,
      "median": 1.008,
      "mean": 1.862,
      "std": 1.933,
      "p25": 1,
      "p75": 2.174,
      "min": 0.012,
      "max": 9.697,
      "confidence": 0.6
    },
    "00001.00054": {
      "n": 42,
      "median": 1.02,
      "mean": 2.296,
      "std": 3.488,
      "p25": 0.508,
      "p75": 2.236,
      "min": 0.09,
      "max": 16.352,
      "confidence": 0.5
    },
    "00002.00006": {
      "n": 236,
      "median": 1.001,
      "mean": 2.165,
      "std": 2.911,
      "p25": 0.999,
      "p75": 1.56,
      "min": 0.052,
      "max": 16.334,
      "confidence": 0.5
    },
    "00001.00058": {
      "n": 129,
      "median": 0.999,
      "mean": 0.739,
      "std": 0.347,
      "p25": 0.342,
      "p75": 1,
      "min": 0.021,
      "max": 1.597,
      "confidence": 0.7
    },
    "00003.00002": {
      "n": 21,
      "median": 1.001,
      "mean": 0.961,
      "std": 0.156,
      "p25": 1,
      "p75": 1.001,
      "min": 0.27,
      "max": 1.001,
      "confidence": 0.7
    },
    "00001.00051": {
      "n": 97,
      "median": 0.999,
      "mean": 1.041,
      "std": 1.323,
      "p25": 0.375,
      "p75": 1.001,
      "min": 0.048,
      "max": 9.623,
      "confidence": 0.6
    },
    "00001.00050": {
      "n": 186,
      "median": 1,
      "mean": 1.184,
      "std": 1.48,
      "p25": 0.332,
      "p75": 1.248,
      "min": 0.015,
      "max": 10.121,
      "confidence": 0.6
    },
    "00002.00015": {
      "n": 49,
      "median": 1.001,
      "mean": 1.92,
      "std": 3.18,
      "p25": 1,
      "p75": 1.004,
      "min": 0.647,
      "max": 18.968,
      "confidence": 0.5
    },
    "00002.00007": {
      "n": 37,
      "median": 1.012,
      "mean": 2.184,
      "std": 2.405,
      "p25": 1,
      "p75": 2.091,
      "min": 0.993,
      "max": 12.346,
      "confidence": 0.5
    },
    "00001.00057": {
      "n": 584,
      "median": 0.942,
      "mean": 1.073,
      "std": 0.996,
      "p25": 0.638,
      "p75": 1.105,
      "min": 0.037,
      "max": 8.804,
      "confidence": 0.6
    },
    "00001.00059": {
      "n": 34,
      "median": 1.001,
      "mean": 1.474,
      "std": 1.811,
      "p25": 0.493,
      "p75": 1.634,
      "min": 0.028,
      "max": 9.324,
      "confidence": 0.6
    },
    "00001.00060": {
      "n": 25,
      "median": 1.001,
      "mean": 0.919,
      "std": 0.322,
      "p25": 0.889,
      "p75": 1.106,
      "min": 0.062,
      "max": 1.267,
      "confidence": 0.7
    },
    "00002.00011": {
      "n": 81,
      "median": 1,
      "mean": 1.101,
      "std": 0.706,
      "p25": 0.999,
      "p75": 1.001,
      "min": 0.037,
      "max": 6.168,
      "confidence": 0.7
    },
    "00002.00004": {
      "n": 7,
      "median": 1,
      "mean": 1,
      "std": 0,
      "p25": 0.999,
      "p75": 1,
      "min": 0.999,
      "max": 1,
      "confidence": 0.5
    },
    "90001;00003": {
      "n": 6,
      "median": 1,
      "mean": 1,
      "std": 0.001,
      "p25": 0.999,
      "p75": 1.001,
      "min": 0.999,
      "max": 1.001,
      "confidence": 0.5
    },
    "90001;0;000": {
      "n": 25,
      "median": 1,
      "mean": 1,
      "std": 0.001,
      "p25": 1,
      "p75": 1.001,
      "min": 0.999,
      "max": 1.002,
      "confidence": 0.7
    }
  },
  "by_subfamilia_l1": {
    "0": {
      "n": 34,
      "median": 1,
      "mean": 0.997,
      "std": 0.01,
      "p25": 0.999,
      "p75": 1,
      "min": 0.967,
      "max": 1.016,
      "confidence": 0.7
    },
    "90001": {
      "n": 31,
      "median": 1,
      "mean": 1,
      "std": 0.001,
      "p25": 1,
      "p75": 1.001,
      "min": 0.999,
      "max": 1.002,
      "confidence": 0.7
    },
    "00001": {
      "n": 2202,
      "median": 0.853,
      "mean": 0.887,
      "std": 1.145,
      "p25": 0.273,
      "p75": 1.001,
      "min": 0.012,
      "max": 16.352,
      "confidence": 0.6
    },
    "00002": {
      "n": 410,
      "median": 1,
      "mean": 1.907,
      "std": 2.625,
      "p25": 0.999,
      "p75": 1.203,
      "min": 0.037,
      "max": 18.968,
      "confidence": 0.5
    },
    "00003": {
      "n": 21,
      "median": 1.001,
      "mean": 0.961,
      "std": 0.156,
      "p25": 1,
      "p75": 1.001,
      "min": 0.27,
      "max": 1.001,
      "confidence": 0.7
    }
  },
  "by_tipo": {
    "mueble": {
      "n": 2202,
      "median": 0.853,
      "mean": 0.887,
      "std": 1.145,
      "p25": 0.273,
      "p75": 1.001,
      "min": 0.012,
      "max": 16.352,
      "confidence": 0.6
    },
    "electrodomestico": {
      "n": 410,
      "median": 1,
      "mean": 1.907,
      "std": 2.625,
      "p25": 0.999,
      "p75": 1.203,
      "min": 0.037,
      "max": 18.968,
      "confidence": 0.5
    },
    "accesorio": {
      "n": 21,
      "median": 1.001,
      "mean": 0.961,
      "std": 0.156,
      "p25": 1,
      "p75": 1.001,
      "min": 0.27,
      "max": 1.001,
      "confidence": 0.7
    },
    "otro": {
      "n": 66,
      "median": 1,
      "mean": 0.999,
      "std": 0.007,
      "p25": 0.999,
      "p75": 1.001,
      "min": 0.967,
      "max": 1.016,
      "confidence": 0.7
    }
  }
}